TransactionID,Date,Country,Description,Revenue,Quantity,YearMonth
539318,2010-12-16 19:09:00,Finland,72 SWEETHEART FAIRY CAKE CASES,39.6,72,2010-12
539318,2010-12-16 19:09:00,Finland,60 CAKE CASES DOLLY GIRL DESIGN,39.6,72,2010-12
539318,2010-12-16 19:09:00,Finland,60 TEATIME FAIRY CAKE CASES,13.2,24,2010-12
539318,2010-12-16 19:09:00,Finland,60 TEATIME FAIRY CAKE CASES,50.4,120,2010-12
539318,2010-12-16 19:09:00,Finland,PACK OF 72 SKULL CAKE CASES,13.2,24,2010-12
539318,2010-12-16 19:09:00,Finland,PACK OF 72 SKULL CAKE CASES,50.4,120,2010-12
539318,2010-12-16 19:09:00,Finland,PACK OF 12 LONDON TISSUES ,20.88,72,2010-12
539318,2010-12-16 19:09:00,Finland,PACK OF 12 WOODLAND TISSUES ,41.76,144,2010-12
539318,2010-12-16 19:09:00,Finland,PACK OF 12 SUKI TISSUES ,41.76,144,2010-12
539318,2010-12-16 19:09:00,Finland,SWEETIES  STICKERS,40.8,48,2010-12
539318,2010-12-16 19:09:00,Finland,SET OF 72 SKULL PAPER  DOILIES,104.4,72,2010-12
539318,2010-12-16 19:09:00,Finland,SET OF 72 PINK HEART PAPER DOILIES,69.6,48,2010-12
539318,2010-12-16 19:09:00,Finland,60 CAKE CASES VINTAGE CHRISTMAS,13.2,24,2010-12
539318,2010-12-16 19:09:00,Finland,60 CAKE CASES VINTAGE CHRISTMAS,50.4,120,2010-12
539318,2010-12-16 19:09:00,Finland,PACK OF 60 PINK PAISLEY CAKE CASES,13.2,24,2010-12
539318,2010-12-16 19:09:00,Finland,PACK OF 60 PINK PAISLEY CAKE CASES,50.4,120,2010-12
539318,2010-12-16 19:09:00,Finland,POSTAGE,240.0,6,2010-12
541756,2011-01-21 11:42:00,Finland,BLUE 3 PIECE POLKADOT CUTLERY SET,180.0,48,2011-01
541756,2011-01-21 11:42:00,Finland,PINK 3 PIECE POLKADOT CUTLERY SET,244.08,72,2011-01
541756,2011-01-21 11:42:00,Finland,POSTAGE,80.0,2,2011-01
541756,2011-01-21 11:42:00,Finland,RED 3 PIECE RETROSPOT CUTLERY SET,22.5,6,2011-01
541756,2011-01-21 11:42:00,Finland,GREEN 3 PIECE POLKADOT CUTLERY SET,135.0,36,2011-01
541998,2011-01-25 10:42:00,Finland,PACK OF 12 RED RETROSPOT TISSUES ,41.76,144,2011-01
541998,2011-01-25 10:42:00,Finland,PACK OF 12 HEARTS DESIGN TISSUES ,41.76,144,2011-01
541998,2011-01-25 10:42:00,Finland,MULTI HEARTS  STICKERS,20.4,24,2011-01
541998,2011-01-25 10:42:00,Finland,PACK OF 12 BLUE PAISLEY TISSUES ,41.76,144,2011-01
541998,2011-01-25 10:42:00,Finland,PACK OF 12 SKULL TISSUES,41.76,144,2011-01
541998,2011-01-25 10:42:00,Finland,POSTAGE,40.0,1,2011-01
544886,2011-02-24 11:42:00,Finland,RED RETROSPOT CUP,13.6,16,2011-02
544886,2011-02-24 11:42:00,Finland,PINK  POLKADOT CUP,13.6,16,2011-02
544886,2011-02-24 11:42:00,Finland,BLUE POLKADOT CUP,13.6,16,2011-02
544886,2011-02-24 11:42:00,Finland,RED RETROSPOT PLATE ,13.52,8,2011-02
544886,2011-02-24 11:42:00,Finland,PINK  POLKADOT PLATE ,13.52,8,2011-02
544886,2011-02-24 11:42:00,Finland,BLUE POLKADOT PLATE ,13.52,8,2011-02
544886,2011-02-24 11:42:00,Finland,BLUE POLKADOT BOWL,10.0,8,2011-02
544886,2011-02-24 11:42:00,Finland,RED RETROSPOT BOWL,10.0,8,2011-02
544886,2011-02-24 11:42:00,Finland,PINK POLKADOT BOWL,20.0,16,2011-02
544886,2011-02-24 11:42:00,Finland,PACK OF 72 RETROSPOT CAKE CASES,13.2,24,2011-02
544886,2011-02-24 11:42:00,Finland,GUMBALL COAT RACK,30.6,12,2011-02
544886,2011-02-24 11:42:00,Finland,POSTAGE,40.0,1,2011-02
545226,2011-03-01 09:33:00,Finland,WOODLAND DESIGN  COTTON TOTE BAG,13.5,6,2011-03
545226,2011-03-01 09:33:00,Finland,ROSE DU SUD DRAWSTRING BAG,12.75,3,2011-03
545226,2011-03-01 09:33:00,Finland,BLUE PARTY BAGS ,25.200000000000003,12,2011-03
545226,2011-03-01 09:33:00,Finland,POCKET BAG BLUE PAISLEY RED SPOT,15.0,12,2011-03
545226,2011-03-01 09:33:00,Finland,RED RETROSPOT SHOPPING BAG,15.3,6,2011-03
545226,2011-03-01 09:33:00,Finland,JUMBO BAG SCANDINAVIAN BLUE PAISLEY,19.5,10,2011-03
545226,2011-03-01 09:33:00,Finland,JUMBO BAG PINK VINTAGE PAISLEY,19.5,10,2011-03
545226,2011-03-01 09:33:00,Finland,JUMBO BAG PINK POLKADOT,19.5,10,2011-03
545226,2011-03-01 09:33:00,Finland,JUMBO BAG RED RETROSPOT,19.5,10,2011-03
545226,2011-03-01 09:33:00,Finland,RED RETROSPOT MINI CASES,47.7,6,2011-03
545226,2011-03-01 09:33:00,Finland,FOLDING UMBRELLA PINKWHITE POLKADOT,19.8,4,2011-03
545226,2011-03-01 09:33:00,Finland,RED RETROSPOT UMBRELLA,35.7,6,2011-03
545226,2011-03-01 09:33:00,Finland,WASH BAG VINTAGE ROSE PAISLEY,15.3,6,2011-03
545226,2011-03-01 09:33:00,Finland,ENGLISH ROSE HOT WATER BOTTLE,34.0,8,2011-03
545226,2011-03-01 09:33:00,Finland,FAIRY SOAP SOAP HOLDER,20.28,12,2011-03
545226,2011-03-01 09:33:00,Finland,HAND TOWEL PALE BLUE W FLOWERS,59.5,10,2011-03
545226,2011-03-01 09:33:00,Finland,SOFT PINK ROSE TOWEL ,37.2,8,2011-03
545226,2011-03-01 09:33:00,Finland,FRENCH ENAMEL CANDLEHOLDER,12.6,6,2011-03
545226,2011-03-01 09:33:00,Finland,CANDLEHOLDER PINK HANGING HEART,17.700000000000003,6,2011-03
545226,2011-03-01 09:33:00,Finland,WHITE HANGING HEART T-LIGHT HOLDER,17.700000000000003,6,2011-03
545226,2011-03-01 09:33:00,Finland,SET/10 RED POLKADOT PARTY CANDLES,30.0,24,2011-03
545226,2011-03-01 09:33:00,Finland,SET/10 PINK POLKADOT PARTY CANDLES,30.0,24,2011-03
545226,2011-03-01 09:33:00,Finland,SET/10 BLUE POLKADOT PARTY CANDLES,30.0,24,2011-03
545226,2011-03-01 09:33:00,Finland,3 GARDENIA MORRIS BOXED CANDLES,17.0,4,2011-03
545226,2011-03-01 09:33:00,Finland,4 ROSE PINK DINNER CANDLES,15.0,12,2011-03
545226,2011-03-01 09:33:00,Finland,4 SKY BLUE DINNER CANDLES,15.0,12,2011-03
545226,2011-03-01 09:33:00,Finland,RETROSPOT CANDLE  MEDIUM,25.200000000000003,12,2011-03
545226,2011-03-01 09:33:00,Finland,PACK 6 HEART/ICE-CREAM PATCHES,15.0,12,2011-03
545226,2011-03-01 09:33:00,Finland,PACK 3 FIRE ENGINE/CAR PATCHES,15.0,12,2011-03
545226,2011-03-01 09:33:00,Finland,BOX OF VINTAGE JIGSAW BLOCKS ,14.85,3,2011-03
545226,2011-03-01 09:33:00,Finland,PIGGY BANK RETROSPOT ,10.2,4,2011-03
545226,2011-03-01 09:33:00,Finland,PINK OWL SOFT TOY,17.700000000000003,6,2011-03
545226,2011-03-01 09:33:00,Finland,BLUE OWL SOFT TOY,17.700000000000003,6,2011-03
545226,2011-03-01 09:33:00,Finland,RED GINGHAM TEDDY BEAR ,17.700000000000003,6,2011-03
545226,2011-03-01 09:33:00,Finland,PINK GINGHAM CAT WITH SCARF,15.3,6,2011-03
545226,2011-03-01 09:33:00,Finland,RETROSPOT TEA SET CERAMIC 11 PC ,14.85,3,2011-03
545226,2011-03-01 09:33:00,Finland,SET 3 PAPER VINTAGE CHICK PAPER EGG,17.700000000000003,6,2011-03
545226,2011-03-01 09:33:00,Finland,EASTER TIN CHICKS PINK DAISY,9.9,6,2011-03
545226,2011-03-01 09:33:00,Finland,MINI  ZINC GARDEN DECORATIONS ,20.4,24,2011-03
545226,2011-03-01 09:33:00,Finland,FELT FARM ANIMAL CHICKEN,15.0,12,2011-03
545226,2011-03-01 09:33:00,Finland,PINK FELT HANGING HEART W FLOWER,10.2,12,2011-03
545226,2011-03-01 09:33:00,Finland,BIRD DECORATION RED RETROSPOT,10.2,12,2011-03
545226,2011-03-01 09:33:00,Finland,BLUE KNITTED HEN ,9.9,6,2011-03
545226,2011-03-01 09:33:00,Finland,HAPPY EASTER HANGING DECORATION,15.0,4,2011-03
545226,2011-03-01 09:33:00,Finland,ORGANISER WOOD ANTIQUE WHITE ,17.0,2,2011-03
545226,2011-03-01 09:33:00,Finland,DOORMAT SPOTTY HOME SWEET HOME,47.7,6,2011-03
545226,2011-03-01 09:33:00,Finland,DOORMAT NEW ENGLAND,135.0,20,2011-03
545226,2011-03-01 09:33:00,Finland,DOORMAT HOME SWEET HOME BLUE ,15.9,2,2011-03
545226,2011-03-01 09:33:00,Finland,DOORMAT RED RETROSPOT,15.9,2,2011-03
545226,2011-03-01 09:33:00,Finland,PINK POLKADOT GARDEN PARASOL,31.8,4,2011-03
545226,2011-03-01 09:33:00,Finland,BLUE POLKADOT GARDEN PARASOL,31.8,4,2011-03
545226,2011-03-01 09:33:00,Finland,HERB MARKER THYME,7.800000000000001,12,2011-03
545226,2011-03-01 09:33:00,Finland,HERB MARKER ROSEMARY,7.800000000000001,12,2011-03
545226,2011-03-01 09:33:00,Finland,HERB MARKER PARSLEY,7.800000000000001,12,2011-03
545226,2011-03-01 09:33:00,Finland,HERB MARKER MINT,7.800000000000001,12,2011-03
545226,2011-03-01 09:33:00,Finland,HERB MARKER BASIL,7.800000000000001,12,2011-03
545226,2011-03-01 09:33:00,Finland,HERB MARKER CHIVES ,7.800000000000001,12,2011-03
545226,2011-03-01 09:33:00,Finland,JAM MAKING SET WITH JARS,25.5,6,2011-03
545226,2011-03-01 09:33:00,Finland,JAM MAKING SET PRINTED,17.4,12,2011-03
545226,2011-03-01 09:33:00,Finland,JAM JAR WITH PINK LID,10.2,12,2011-03
545226,2011-03-01 09:33:00,Finland,ROMANTIC PINKS RIBBONS ,15.0,12,2011-03
545226,2011-03-01 09:33:00,Finland,BRIGHT BLUES RIBBONS ,15.0,12,2011-03
545226,2011-03-01 09:33:00,Finland,BABY BOOM RIBBONS ,15.0,12,2011-03
545226,2011-03-01 09:33:00,Finland,DANISH ROSE ROUND SEWING BOX,27.12,8,2011-03
545226,2011-03-01 09:33:00,Finland,PARTY BUNTING,19.8,4,2011-03
545226,2011-03-01 09:33:00,Finland,BLUE HAPPY BIRTHDAY BUNTING,16.35,3,2011-03
545226,2011-03-01 09:33:00,Finland,WOODEN REGATTA BUNTING,17.85,3,2011-03
545226,2011-03-01 09:33:00,Finland,RED BABY BUNTING ,14.75,5,2011-03
545226,2011-03-01 09:33:00,Finland,PINK HAPPY BIRTHDAY BUNTING,16.35,3,2011-03
545226,2011-03-01 09:33:00,Finland,BLUE DINER WALL CLOCK,17.0,2,2011-03
545226,2011-03-01 09:33:00,Finland,ROSE CARAVAN DOORSTOP,27.0,4,2011-03
545226,2011-03-01 09:33:00,Finland,BLUE STRIPE CERAMIC DRAWER KNOB,30.0,24,2011-03
545226,2011-03-01 09:33:00,Finland,RED STRIPE CERAMIC DRAWER KNOB,30.0,24,2011-03
545226,2011-03-01 09:33:00,Finland,BLUE BIRDHOUSE DECORATION,10.2,12,2011-03
545226,2011-03-01 09:33:00,Finland,GREEN BIRDHOUSE DECORATION,10.2,12,2011-03
545226,2011-03-01 09:33:00,Finland,HEART IVORY TRELLIS LARGE,19.799999999999997,12,2011-03
545226,2011-03-01 09:33:00,Finland,GINGHAM HEART DECORATION,10.2,12,2011-03
545226,2011-03-01 09:33:00,Finland,NUMBER TILE COTTAGE GARDEN 0 ,15.6,8,2011-03
545226,2011-03-01 09:33:00,Finland,NUMBER TILE COTTAGE GARDEN 1,15.6,8,2011-03
545226,2011-03-01 09:33:00,Finland,NUMBER TILE COTTAGE GARDEN 2,15.6,8,2011-03
545226,2011-03-01 09:33:00,Finland,NUMBER TILE COTTAGE GARDEN 3 ,15.6,8,2011-03
545226,2011-03-01 09:33:00,Finland,NUMBER TILE COTTAGE GARDEN 4,15.6,8,2011-03
545226,2011-03-01 09:33:00,Finland,NUMBER TILE COTTAGE GARDEN 5,15.6,8,2011-03
545226,2011-03-01 09:33:00,Finland,NUMBER TILE COTTAGE GARDEN 6,15.6,8,2011-03
545226,2011-03-01 09:33:00,Finland,NUMBER TILE COTTAGE GARDEN 7,15.6,8,2011-03
545226,2011-03-01 09:33:00,Finland,NUMBER TILE COTTAGE GARDEN 8,15.6,8,2011-03
545226,2011-03-01 09:33:00,Finland,NUMBER TILE COTTAGE GARDEN 9,15.6,8,2011-03
545226,2011-03-01 09:33:00,Finland,FIVE CATS HANGING DECORATION,35.400000000000006,12,2011-03
545226,2011-03-01 09:33:00,Finland,FIVE HEART HANGING DECORATION,17.700000000000003,6,2011-03
545226,2011-03-01 09:33:00,Finland,HOME SWEET HOME METAL SIGN ,35.400000000000006,12,2011-03
545226,2011-03-01 09:33:00,Finland,WASHROOM METAL SIGN,17.4,12,2011-03
545226,2011-03-01 09:33:00,Finland,WOODLAND  HEIGHT CHART STICKERS ,17.700000000000003,6,2011-03
545226,2011-03-01 09:33:00,Finland,"NURSERY A,B,C PAINTED LETTERS",13.5,2,2011-03
545226,2011-03-01 09:33:00,Finland,PHOTO FRAME 3 CLASSIC HANGING,39.8,4,2011-03
545226,2011-03-01 09:33:00,Finland,KITCHEN FLOWER POTS WALL PLAQUE,17.85,3,2011-03
545227,2011-03-01 09:35:00,Finland,PENCIL CASE LIFE IS BEAUTIFUL,17.700000000000003,6,2011-03
545227,2011-03-01 09:35:00,Finland,36 PENCILS TUBE RED RETROSPOT,20.0,16,2011-03
545227,2011-03-01 09:35:00,Finland,PACK OF 12 TRADITIONAL CRAYONS,10.08,24,2011-03
545227,2011-03-01 09:35:00,Finland,MEMO BOARD RETROSPOT  DESIGN,39.6,8,2011-03
545227,2011-03-01 09:35:00,Finland,WRAP PINK FAIRY CAKES ,10.5,25,2011-03
545227,2011-03-01 09:35:00,Finland,WRAP ENGLISH ROSE ,10.5,25,2011-03
545227,2011-03-01 09:35:00,Finland,BLUE POLKADOT WRAP,10.5,25,2011-03
545227,2011-03-01 09:35:00,Finland,PINK POLKADOT WRAP ,10.5,25,2011-03
545227,2011-03-01 09:35:00,Finland,WRAP COWBOYS  ,10.5,25,2011-03
545227,2011-03-01 09:35:00,Finland,VINTAGE CARAVAN GIFT WRAP,10.5,25,2011-03
545227,2011-03-01 09:35:00,Finland,GINGHAM ROSE WRAP,10.5,25,2011-03
545227,2011-03-01 09:35:00,Finland,WRAP ALPHABET DESIGN,10.5,25,2011-03
545227,2011-03-01 09:35:00,Finland,RED RETROSPOT TAPE,15.6,24,2011-03
545227,2011-03-01 09:35:00,Finland,CARD BIRTHDAY COWBOY,5.04,12,2011-03
545227,2011-03-01 09:35:00,Finland,ROBOT BIRTHDAY CARD,5.04,12,2011-03
545227,2011-03-01 09:35:00,Finland,SET 12 KIDS COLOUR  CHALK STICKS,10.08,24,2011-03
545227,2011-03-01 09:35:00,Finland,S/6 SEW ON CROCHET FLOWERS,30.0,24,2011-03
545227,2011-03-01 09:35:00,Finland,BLUE FLY SWAT,15.6,24,2011-03
545227,2011-03-01 09:35:00,Finland,FRIDGE MAGNETS US DINER ASSORTED,20.4,24,2011-03
545227,2011-03-01 09:35:00,Finland,ASSORTED BOTTLE TOP  MAGNETS ,10.08,24,2011-03
545227,2011-03-01 09:35:00,Finland,PAPERWEIGHT VINTAGE PAISLEY,15.3,6,2011-03
545227,2011-03-01 09:35:00,Finland,PAIR PADDED HANGERS PINK CHECK,30.0,8,2011-03
545227,2011-03-01 09:35:00,Finland,PINK  HEART CONFETTI IN TUBE,19.799999999999997,12,2011-03
545227,2011-03-01 09:35:00,Finland,BREAD BIN DINER STYLE RED ,33.9,2,2011-03
545227,2011-03-01 09:35:00,Finland,ENAMEL BLUE RIM BISCUIT BIN,14.85,3,2011-03
545227,2011-03-01 09:35:00,Finland,RED RETROSPOT ROUND CAKE TINS,49.75,5,2011-03
545227,2011-03-01 09:35:00,Finland,PACK OF 72 RETROSPOT CAKE CASES,13.2,24,2011-03
545227,2011-03-01 09:35:00,Finland,FRYING PAN BLUE POLKADOT,34.0,8,2011-03
545227,2011-03-01 09:35:00,Finland,CLOTHES PEGS RETROSPOT PACK 24 ,35.76,24,2011-03
545227,2011-03-01 09:35:00,Finland,MILK PAN BLUE POLKADOT,30.0,8,2011-03
545227,2011-03-01 09:35:00,Finland,MILK PAN RED RETROSPOT,15.0,4,2011-03
545227,2011-03-01 09:35:00,Finland,ROSE DU SUD OVEN GLOVE,35.400000000000006,12,2011-03
545227,2011-03-01 09:35:00,Finland,RED RETROSPOT OVEN GLOVE ,12.5,10,2011-03
545227,2011-03-01 09:35:00,Finland,RED RETROSPOT STORAGE JAR,108.48,32,2011-03
545227,2011-03-01 09:35:00,Finland,ENAMEL PINK TEA CONTAINER,12.6,6,2011-03
545227,2011-03-01 09:35:00,Finland,ENAMEL PINK COFFEE CONTAINER,12.6,6,2011-03
545227,2011-03-01 09:35:00,Finland,"SET 3 RETROSPOT TEA,COFFEE,SUGAR",19.8,4,2011-03
545227,2011-03-01 09:35:00,Finland,SET/2 RED RETROSPOT TEA TOWELS ,19.5,6,2011-03
545227,2011-03-01 09:35:00,Finland,BLUE POLKADOT WASHING UP GLOVES,12.6,6,2011-03
545227,2011-03-01 09:35:00,Finland,RETROSPOT RED WASHING UP GLOVES,12.6,6,2011-03
545227,2011-03-01 09:35:00,Finland,STRAWBERRY LUNCH BOX WITH CUTLERY,15.3,6,2011-03
545227,2011-03-01 09:35:00,Finland,ROUND CONTAINER SET OF 5 RETROSPOT,19.799999999999997,12,2011-03
545227,2011-03-01 09:35:00,Finland,PICNIC BOXES SET OF 3 RETROSPOT ,59.400000000000006,12,2011-03
545227,2011-03-01 09:35:00,Finland,ROUND SNACK BOXES SET OF 4 FRUITS ,17.700000000000003,6,2011-03
545227,2011-03-01 09:35:00,Finland,RED POLKADOT BEAKER ,35.1,18,2011-03
545227,2011-03-01 09:35:00,Finland,SET/6 RED SPOTTY PAPER CUPS,15.6,24,2011-03
545227,2011-03-01 09:35:00,Finland,SET/20 STRAWBERRY PAPER NAPKINS ,20.4,24,2011-03
545227,2011-03-01 09:35:00,Finland,SET/20 RED RETROSPOT PAPER NAPKINS ,20.4,24,2011-03
545227,2011-03-01 09:35:00,Finland,SCANDINAVIAN PAISLEY PICNIC BAG,14.75,5,2011-03
545227,2011-03-01 09:35:00,Finland,STRAWBERRY   PICNIC BAG,14.75,5,2011-03
545227,2011-03-01 09:35:00,Finland,RED RETROSPOT PICNIC BAG,14.75,5,2011-03
545227,2011-03-01 09:35:00,Finland,SET/6 RED SPOTTY PAPER PLATES,20.4,24,2011-03
545227,2011-03-01 09:35:00,Finland,SET/6 POSIES PAPER PLATES,10.2,12,2011-03
545227,2011-03-01 09:35:00,Finland,SET/6 POSIES PAPER CUPS,7.800000000000001,12,2011-03
545227,2011-03-01 09:35:00,Finland,RETROSPOT LARGE MILK JUG,29.700000000000003,6,2011-03
545227,2011-03-01 09:35:00,Finland,CAKE STAND LOVEBIRD 2 TIER PINK,39.8,4,2011-03
545227,2011-03-01 09:35:00,Finland,CAKE PLATE LOVEBIRD PINK,29.700000000000003,6,2011-03
545227,2011-03-01 09:35:00,Finland,VINTAGE CREAM 3 BASKET CAKE STAND,39.8,4,2011-03
545227,2011-03-01 09:35:00,Finland,RED RETROSPOT PUDDING BOWL,51.0,12,2011-03
545227,2011-03-01 09:35:00,Finland,DANISH ROSE DELUXE COASTER,20.4,24,2011-03
545227,2011-03-01 09:35:00,Finland,SET OF 4 ENGLISH ROSE COASTERS,12.5,10,2011-03
545227,2011-03-01 09:35:00,Finland,SET OF 16 VINTAGE SKY BLUE CUTLERY,102.0,8,2011-03
545227,2011-03-01 09:35:00,Finland,SET OF 16 VINTAGE RED CUTLERY,102.0,8,2011-03
545227,2011-03-01 09:35:00,Finland,SET OF 16 VINTAGE ROSE CUTLERY,76.5,6,2011-03
545227,2011-03-01 09:35:00,Finland,BLUE PUDDING SPOON,5.04,12,2011-03
545227,2011-03-01 09:35:00,Finland,BOX OF 6 ASSORTED COLOUR TEASPOONS,51.0,12,2011-03
545227,2011-03-01 09:35:00,Finland,SET OF 16 VINTAGE PISTACHIO CUTLERY,25.5,2,2011-03
545227,2011-03-01 09:35:00,Finland,CHERRY BLOSSOM DECORATIVE FLASK,15.0,4,2011-03
545227,2011-03-01 09:35:00,Finland,SET OF 72 RETROSPOT PAPER  DOILIES,17.4,12,2011-03
545227,2011-03-01 09:35:00,Finland,BLUE KNITTED EGG COSY,11.7,6,2011-03
545227,2011-03-01 09:35:00,Finland,RED RETROSPOT BIG BOWL,29.700000000000003,6,2011-03
545227,2011-03-01 09:35:00,Finland,SET OF 4 ENGLISH ROSE PLACEMATS,45.0,12,2011-03
545227,2011-03-01 09:35:00,Finland,SET 20 NAPKINS FAIRY CAKES DESIGN ,10.2,12,2011-03
545227,2011-03-01 09:35:00,Finland,HOME SWEET HOME MUG,15.0,12,2011-03
545227,2011-03-01 09:35:00,Finland,RED RETROSPOT TRADITIONAL TEAPOT ,31.8,4,2011-03
545227,2011-03-01 09:35:00,Finland,SET OF 3 CAKE TINS PANTRY DESIGN ,44.55,9,2011-03
545227,2011-03-01 09:35:00,Finland,SET OF 6 SPICE TINS PANTRY DESIGN,31.6,8,2011-03
545227,2011-03-01 09:35:00,Finland,SET OF 6 HERB TINS SKETCHBOOK,31.6,8,2011-03
545227,2011-03-01 09:35:00,Finland,WRAP DOILEY DESIGN,10.5,25,2011-03
545227,2011-03-01 09:35:00,Finland,SET 2 PANTRY DESIGN TEA TOWELS,19.5,6,2011-03
545227,2011-03-01 09:35:00,Finland,PANTRY ROLLING PIN,22.5,6,2011-03
545227,2011-03-01 09:35:00,Finland,SET OF 12  VINTAGE POSTCARD SET,30.6,12,2011-03
545227,2011-03-01 09:35:00,Finland,BLUE CUSHION COVER WITH FLOWER,69.5,10,2011-03
545227,2011-03-01 09:35:00,Finland,PINK FAIRY CAKE CUSHION COVER,45.0,12,2011-03
545227,2011-03-01 09:35:00,Finland,CANDY SPOT CUSHION COVER,35.400000000000006,12,2011-03
545227,2011-03-01 09:35:00,Finland,VINTAGE UNION JACK CUSHION COVER,19.8,4,2011-03
545227,2011-03-01 09:35:00,Finland,RETROSPOT PADDED SEAT CUSHION,101.7,30,2011-03
545227,2011-03-01 09:35:00,Finland,BEACH HUT SHELF W 3 DRAWERS,11.9,2,2011-03
545227,2011-03-01 09:35:00,Finland,SET/3 RED GINGHAM ROSE STORAGE BOX,30.0,8,2011-03
545227,2011-03-01 09:35:00,Finland,SET3 BOOK BOX GREEN GINGHAM FLOWER ,34.0,8,2011-03
545227,2011-03-01 09:35:00,Finland,CARD BILLBOARD FONT,5.04,12,2011-03
545227,2011-03-01 09:35:00,Finland,"BIRTHDAY CARD, RETRO SPOT",5.04,12,2011-03
545227,2011-03-01 09:35:00,Finland,CARD WEDDING DAY,5.04,12,2011-03
545227,2011-03-01 09:35:00,Finland,BOTANICAL LILY GREETING CARD,5.04,12,2011-03
545227,2011-03-01 09:35:00,Finland,CARD GINGHAM ROSE ,15.12,36,2011-03
545227,2011-03-01 09:35:00,Finland,ENGLISH ROSE NOTEBOOK A7 SIZE,6.72,16,2011-03
545227,2011-03-01 09:35:00,Finland,SET OF 3 NOTEBOOKS IN PARCEL,19.799999999999997,12,2011-03
545227,2011-03-01 09:35:00,Finland,FAIRY CAKES NOTEBOOK A7 SIZE,6.72,16,2011-03
545336,2011-03-01 16:53:00,Finland,Manual,551.2,2,2011-03
547086,2011-03-20 15:46:00,Finland,RECYCLED ACAPULCO MAT RED,66.0,8,2011-03
547086,2011-03-20 15:46:00,Finland,RECYCLED ACAPULCO MAT TURQUOISE,66.0,8,2011-03
547086,2011-03-20 15:46:00,Finland,MOTHER'S KITCHEN SPOON REST ,22.5,6,2011-03
547086,2011-03-20 15:46:00,Finland,RECYCLED ACAPULCO MAT PINK,49.5,6,2011-03
547086,2011-03-20 15:46:00,Finland,RECYCLED ACAPULCO MAT GREEN,16.5,2,2011-03
547086,2011-03-20 15:46:00,Finland,PANTRY PASTRY BRUSH,15.0,12,2011-03
547086,2011-03-20 15:46:00,Finland,PANTRY APPLE CORER,17.4,12,2011-03
547086,2011-03-20 15:46:00,Finland,MUM'S KITCHEN CLOCK,19.8,4,2011-03
547086,2011-03-20 15:46:00,Finland,RECYCLED ACAPULCO MAT BLUE,16.5,2,2011-03
547086,2011-03-20 15:46:00,Finland,POSTAGE,120.0,3,2011-03
C547234,2011-03-21 16:21:00,Finland,RED RETROSPOT PUDDING BOWL,-4.25,-1,2011-03
C547234,2011-03-21 16:21:00,Finland,RED RETROSPOT TRADITIONAL TEAPOT ,-7.95,-1,2011-03
548363,2011-03-30 15:48:00,Finland,BLUE POLKADOT BEAKER ,18.72,48,2011-03
548363,2011-03-30 15:48:00,Finland,BLUE POLKADOT COFFEE MUG,18.72,48,2011-03
548363,2011-03-30 15:48:00,Finland,RED POLKADOT BEAKER ,18.72,48,2011-03
548363,2011-03-30 15:48:00,Finland,RED POLKADOT COFFEE  MUG,18.72,48,2011-03
548363,2011-03-30 15:48:00,Finland,RED  EGG  SPOON,2.88,24,2011-03
548363,2011-03-30 15:48:00,Finland,BLUE EGG  SPOON,2.88,24,2011-03
548363,2011-03-30 15:48:00,Finland,ENAMEL PINK TEA CONTAINER,19.92,24,2011-03
548363,2011-03-30 15:48:00,Finland,ENAMEL PINK COFFEE CONTAINER,19.92,24,2011-03
548363,2011-03-30 15:48:00,Finland,POLKADOT COFFEE CUP & SAUCER PINK,37.92,48,2011-03
548363,2011-03-30 15:48:00,Finland,POSTAGE,400.0,10,2011-03
548955,2011-04-05 10:47:00,Finland,DOUGHNUT LIP GLOSS ,100.0,80,2011-04
548955,2011-04-05 10:47:00,Finland,ICE CREAM PEN LIP GLOSS ,120.0,96,2011-04
548955,2011-04-05 10:47:00,Finland,ICE CREAM SUNDAE LIP GLOSS,90.0,72,2011-04
548955,2011-04-05 10:47:00,Finland,SET OF 9 BLACK SKULL BALLOONS,17.0,20,2011-04
548955,2011-04-05 10:47:00,Finland,POSTAGE,40.0,1,2011-04
C549184,2011-04-07 09:28:00,Finland,POSTAGE,-40.0,-1,2011-04
C549184,2011-04-07 09:28:00,Finland,POLKADOT COFFEE CUP & SAUCER PINK,-21.33,-27,2011-04
C549184,2011-04-07 09:28:00,Finland,RED POLKADOT BEAKER ,-0.78,-2,2011-04
549588,2011-04-11 10:04:00,Finland,HOMEMADE JAM SCENTED CANDLES,17.4,12,2011-04
549588,2011-04-11 10:04:00,Finland,SET OF 4 JAM JAR MAGNETS,24.96,12,2011-04
549588,2011-04-11 10:04:00,Finland,"TUMBLER, NEW ENGLAND",9.36,24,2011-04
549588,2011-04-11 10:04:00,Finland,PINK KNITTED EGG COSY,2.34,6,2011-04
549588,2011-04-11 10:04:00,Finland,BLUE KNITTED EGG COSY,2.34,6,2011-04
549588,2011-04-11 10:04:00,Finland,ENVELOPE 50 BLOSSOM IMAGES,10.2,12,2011-04
549588,2011-04-11 10:04:00,Finland,TEA TIME TEA SET IN GIFT BOX,41.7,6,2011-04
549588,2011-04-11 10:04:00,Finland,SET/6 FRUIT SALAD  PAPER PLATES,9.36,24,2011-04
549588,2011-04-11 10:04:00,Finland,SET/6 FRUIT SALAD PAPER CUPS,4.5600000000000005,24,2011-04
549588,2011-04-11 10:04:00,Finland,LARGE PINK GLASS SUNDAE DISH,12.64,16,2011-04
549588,2011-04-11 10:04:00,Finland,PINK FAIRY CAKE CHILDRENS APRON,15.6,8,2011-04
549588,2011-04-11 10:04:00,Finland,CHERRY BLOSSOM DECORATIVE FLASK,15.0,4,2011-04
549588,2011-04-11 10:04:00,Finland,CHERRY BLOSSOM  DECORATIVE FLASK,30.0,8,2011-04
549588,2011-04-11 10:04:00,Finland,TEA PARTY BIRTHDAY CARD,5.04,12,2011-04
549588,2011-04-11 10:04:00,Finland,PENNY FARTHING BIRTHDAY CARD,5.04,12,2011-04
549588,2011-04-11 10:04:00,Finland,CARD DOLLY GIRL ,5.04,12,2011-04
549588,2011-04-11 10:04:00,Finland,CARD PARTY GAMES ,5.04,12,2011-04
549588,2011-04-11 10:04:00,Finland,STARS GIFT TAPE ,7.800000000000001,12,2011-04
549588,2011-04-11 10:04:00,Finland,PAPER BUNTING VINTAGE PAISLEY,17.700000000000003,6,2011-04
549588,2011-04-11 10:04:00,Finland,PINK PARTY BAGS,12.6,6,2011-04
549588,2011-04-11 10:04:00,Finland,POSTAGE,120.0,3,2011-04
550192,2011-04-15 08:45:00,Finland,TEA BAG PLATE RED RETROSPOT,10.2,12,2011-04
550192,2011-04-15 08:45:00,Finland,JAM MAKING SET WITH JARS,25.5,6,2011-04
550192,2011-04-15 08:45:00,Finland,POSTAGE,120.0,3,2011-04
550192,2011-04-15 08:45:00,Finland,BLUE POLKADOT BEAKER ,18.72,48,2011-04
550192,2011-04-15 08:45:00,Finland,RED POLKADOT BEAKER ,18.72,48,2011-04
550192,2011-04-15 08:45:00,Finland,SET OF 4 FAIRY CAKE PLACEMATS,30.0,8,2011-04
550192,2011-04-15 08:45:00,Finland,SET OF 6 SPICE TINS PANTRY DESIGN,15.8,4,2011-04
550192,2011-04-15 08:45:00,Finland,SET OF 4 JAM JAR MAGNETS,24.96,12,2011-04
550192,2011-04-15 08:45:00,Finland,SET OF 5 PANCAKE DAY MAGNETS,24.96,12,2011-04
550192,2011-04-15 08:45:00,Finland,JAM CLOCK MAGNET,17.34,6,2011-04
550924,2011-04-21 14:33:00,Finland,CHILDRENS CUTLERY POLKADOT PINK,270.0,72,2011-04
550924,2011-04-21 14:33:00,Finland,CHILDRENS CUTLERY POLKADOT GREEN ,149.4,36,2011-04
550924,2011-04-21 14:33:00,Finland,CHILDRENS CUTLERY POLKADOT BLUE,182.6,44,2011-04
550924,2011-04-21 14:33:00,Finland,POSTAGE,40.0,1,2011-04
557803,2011-06-23 10:20:00,Finland,FRENCH KITCHEN SIGN BLUE METAL,15.0,12,2011-06
557803,2011-06-23 10:20:00,Finland,FRENCH WC SIGN BLUE METAL,15.0,12,2011-06
557803,2011-06-23 10:20:00,Finland,LUNCH BAG WOODLAND,16.5,10,2011-06
557803,2011-06-23 10:20:00,Finland,PLASTERS IN TIN WOODLAND ANIMALS,19.799999999999997,12,2011-06
557803,2011-06-23 10:20:00,Finland,PLASTERS IN TIN STRONGMAN,19.799999999999997,12,2011-06
557803,2011-06-23 10:20:00,Finland,PLASTERS IN TIN CIRCUS PARADE ,19.799999999999997,12,2011-06
557803,2011-06-23 10:20:00,Finland,EDWARDIAN PARASOL PINK,35.7,6,2011-06
557803,2011-06-23 10:20:00,Finland,RABBIT NIGHT LIGHT,24.96,12,2011-06
557803,2011-06-23 10:20:00,Finland,WOODLAND  HEIGHT CHART STICKERS ,17.700000000000003,6,2011-06
557803,2011-06-23 10:20:00,Finland,DOORMAT KEEP CALM AND COME IN,15.9,2,2011-06
557803,2011-06-23 10:20:00,Finland,DRAWER KNOB CERAMIC BLACK,69.6,48,2011-06
557803,2011-06-23 10:20:00,Finland,DRAWER KNOB CRACKLE GLAZE IVORY,19.799999999999997,12,2011-06
557803,2011-06-23 10:20:00,Finland,POSTAGE,40.0,1,2011-06
559004,2011-07-05 12:23:00,Finland,PINK DINER WALL CLOCK,34.0,4,2011-07
559004,2011-07-05 12:23:00,Finland,PACK OF 60 PINK PAISLEY CAKE CASES,13.2,24,2011-07
559004,2011-07-05 12:23:00,Finland,JUMBO SHOPPER VINTAGE RED PAISLEY,20.8,10,2011-07
559004,2011-07-05 12:23:00,Finland,DOORMAT MERRY CHRISTMAS RED ,47.7,6,2011-07
559004,2011-07-05 12:23:00,Finland,SAVE THE PLANET COTTON TOTE BAG,13.5,6,2011-07
559004,2011-07-05 12:23:00,Finland,JUMBO BAG RED RETROSPOT,20.8,10,2011-07
559004,2011-07-05 12:23:00,Finland,BOTANICAL LILY GREETING CARD,5.04,12,2011-07
559004,2011-07-05 12:23:00,Finland,CARD GINGHAM ROSE ,15.12,36,2011-07
559004,2011-07-05 12:23:00,Finland,DOORMAT ENGLISH ROSE ,31.8,4,2011-07
559004,2011-07-05 12:23:00,Finland,60 TEATIME FAIRY CAKE CASES,13.2,24,2011-07
559004,2011-07-05 12:23:00,Finland,DOILEY STORAGE TIN,34.68,12,2011-07
559004,2011-07-05 12:23:00,Finland,SET OF 4 KNICK KNACK TINS DOILEY ,49.8,12,2011-07
559004,2011-07-05 12:23:00,Finland,SET OF TEA COFFEE SUGAR TINS PANTRY,39.6,8,2011-07
559004,2011-07-05 12:23:00,Finland,SET/6 RED SPOTTY PAPER PLATES,10.2,12,2011-07
559004,2011-07-05 12:23:00,Finland,SET/6 RED SPOTTY PAPER CUPS,7.800000000000001,12,2011-07
559004,2011-07-05 12:23:00,Finland,JUMBO BAG DOILEY PATTERNS,20.8,10,2011-07
559004,2011-07-05 12:23:00,Finland,PARTY BUNTING,39.6,8,2011-07
559004,2011-07-05 12:23:00,Finland,JUMBO BAG VINTAGE CHRISTMAS ,20.8,10,2011-07
559004,2011-07-05 12:23:00,Finland,BLUE DINER WALL CLOCK,34.0,4,2011-07
559004,2011-07-05 12:23:00,Finland,POSTAGE,160.0,4,2011-07
559928,2011-07-14 08:52:00,Finland,TREASURE TIN GYMKHANA DESIGN,12.48,6,2011-07
559928,2011-07-14 08:52:00,Finland,SET OF 4 KNICK KNACK TINS DOILEY ,24.9,6,2011-07
559928,2011-07-14 08:52:00,Finland,BAKING SET 9 PIECE RETROSPOT ,44.55,9,2011-07
559928,2011-07-14 08:52:00,Finland,BAKING SET SPACEBOY DESIGN,29.700000000000003,6,2011-07
559928,2011-07-14 08:52:00,Finland,BLUE POLKADOT BEAKER ,18.72,48,2011-07
559928,2011-07-14 08:52:00,Finland,RED POLKADOT BEAKER ,18.72,48,2011-07
559928,2011-07-14 08:52:00,Finland,ENAMEL PINK COFFEE CONTAINER,9.96,12,2011-07
559928,2011-07-14 08:52:00,Finland,SCOTTIE DOGS BABY BIB,18.72,48,2011-07
559928,2011-07-14 08:52:00,Finland,WOODLAND DESIGN  COTTON TOTE BAG,24.75,11,2011-07
559928,2011-07-14 08:52:00,Finland,RED GINGHAM ROSE JEWELLERY BOX,15.6,8,2011-07
559928,2011-07-14 08:52:00,Finland,RED RETROSPOT MINI CASES,79.5,10,2011-07
559928,2011-07-14 08:52:00,Finland,ASSORTED COLOUR MINI CASES,47.7,6,2011-07
559928,2011-07-14 08:52:00,Finland,PINK ROSE WASHBAG,15.0,4,2011-07
559928,2011-07-14 08:52:00,Finland,WOODEN HAPPY BIRTHDAY GARLAND,17.700000000000003,6,2011-07
559928,2011-07-14 08:52:00,Finland,POSTAGE,320.0,8,2011-07
559928,2011-07-14 08:52:00,Finland,WOODEN REGATTA BUNTING,71.4,12,2011-07
559928,2011-07-14 08:52:00,Finland,PINK BABY BUNTING,29.5,10,2011-07
559928,2011-07-14 08:52:00,Finland,BLUE HAPPY BIRTHDAY BUNTING,49.05,9,2011-07
559928,2011-07-14 08:52:00,Finland,TEA TIME PARTY BUNTING,39.6,8,2011-07
559928,2011-07-14 08:52:00,Finland,PINK HAPPY BIRTHDAY BUNTING,49.05,9,2011-07
559928,2011-07-14 08:52:00,Finland,FIVE CATS HANGING DECORATION,17.700000000000003,6,2011-07
559928,2011-07-14 08:52:00,Finland,MOBILE VINTAGE HEARTS ,44.55,9,2011-07
559928,2011-07-14 08:52:00,Finland,FIVE HEART HANGING DECORATION,35.400000000000006,12,2011-07
559928,2011-07-14 08:52:00,Finland,WOODLAND  HEIGHT CHART STICKERS ,35.400000000000006,12,2011-07
559928,2011-07-14 08:52:00,Finland,DINOSAUR HEIGHT CHART STICKER SET,35.400000000000006,12,2011-07
559928,2011-07-14 08:52:00,Finland,RETROSPOT CHILDRENS APRON,15.6,8,2011-07
559928,2011-07-14 08:52:00,Finland,CHILDRENS APRON SPACEBOY DESIGN,15.6,8,2011-07
559928,2011-07-14 08:52:00,Finland,PINK FAIRY CAKE CHILDRENS APRON,15.6,8,2011-07
559928,2011-07-14 08:52:00,Finland,SET OF TEA COFFEE SUGAR TINS PANTRY,19.8,4,2011-07
559928,2011-07-14 08:52:00,Finland,PACK OF 60 DINOSAUR CAKE CASES,26.4,48,2011-07
559928,2011-07-14 08:52:00,Finland,PACK OF 60 SPACEBOY CAKE CASES,13.2,24,2011-07
559928,2011-07-14 08:52:00,Finland,PACK OF 60 MUSHROOM CAKE CASES,13.2,24,2011-07
559928,2011-07-14 08:52:00,Finland,PACK OF 60 PINK PAISLEY CAKE CASES,13.2,24,2011-07
559928,2011-07-14 08:52:00,Finland,60 CAKE CASES DOLLY GIRL DESIGN,13.2,24,2011-07
559928,2011-07-14 08:52:00,Finland,60 TEATIME FAIRY CAKE CASES,13.2,24,2011-07
559928,2011-07-14 08:52:00,Finland,SET OF 60 PANTRY DESIGN CAKE CASES ,13.2,24,2011-07
559928,2011-07-14 08:52:00,Finland,MINT KITCHEN SCALES,17.0,2,2011-07
559928,2011-07-14 08:52:00,Finland,IVORY KITCHEN SCALES,17.0,2,2011-07
559928,2011-07-14 08:52:00,Finland,SET OF 3 CAKE TINS PANTRY DESIGN ,29.700000000000003,6,2011-07
559928,2011-07-14 08:52:00,Finland,ROUND SNACK BOXES SET OF4 WOODLAND ,53.1,18,2011-07
559928,2011-07-14 08:52:00,Finland,LED TEA LIGHTS,34.68,12,2011-07
559928,2011-07-14 08:52:00,Finland,PINK  HEART CONFETTI IN TUBE,19.799999999999997,12,2011-07
559928,2011-07-14 08:52:00,Finland,PACK OF 12 PINK POLKADOT TISSUES,13.919999999999998,48,2011-07
559928,2011-07-14 08:52:00,Finland,PACK OF 12 WOODLAND TISSUES ,13.919999999999998,48,2011-07
559928,2011-07-14 08:52:00,Finland,PACK OF 12 SPACEBOY TISSUES,13.919999999999998,48,2011-07
559928,2011-07-14 08:52:00,Finland,PLASTERS IN TIN SPACEBOY,19.799999999999997,12,2011-07
559928,2011-07-14 08:52:00,Finland,PLASTERS IN TIN WOODLAND ANIMALS,19.799999999999997,12,2011-07
559928,2011-07-14 08:52:00,Finland,PLASTERS IN TIN CIRCUS PARADE ,19.799999999999997,12,2011-07
559928,2011-07-14 08:52:00,Finland,36 PENCILS TUBE WOODLAND,20.0,16,2011-07
559928,2011-07-14 08:52:00,Finland,12 PENCILS TALL TUBE WOODLAND,10.2,12,2011-07
559928,2011-07-14 08:52:00,Finland,WOODLAND STORAGE BOX LARGE ,35.400000000000006,12,2011-07
559928,2011-07-14 08:52:00,Finland,WOODLAND STORAGE BOX SMALL,25.200000000000003,12,2011-07
559928,2011-07-14 08:52:00,Finland,SET/3 RED GINGHAM ROSE STORAGE BOX,45.0,12,2011-07
559928,2011-07-14 08:52:00,Finland,SET OF 4 KNICK KNACK TINS LONDON ,24.9,6,2011-07
560549,2011-07-19 12:43:00,Finland,NATURAL SLATE RECTANGLE CHALKBOARD,19.799999999999997,12,2011-07
560549,2011-07-19 12:43:00,Finland,KITCHEN METAL SIGN,6.6000000000000005,12,2011-07
560549,2011-07-19 12:43:00,Finland,BATHROOM METAL SIGN,6.6000000000000005,12,2011-07
560549,2011-07-19 12:43:00,Finland,TOILET METAL SIGN,6.6000000000000005,12,2011-07
560549,2011-07-19 12:43:00,Finland,GUMBALL COAT RACK,15.3,6,2011-07
560549,2011-07-19 12:43:00,Finland,CHILDRENS CUTLERY POLKADOT PINK,270.0,72,2011-07
560549,2011-07-19 12:43:00,Finland,CHILDRENS CUTLERY POLKADOT BLUE,149.4,36,2011-07
560549,2011-07-19 12:43:00,Finland,CHILDRENS CUTLERY POLKADOT GREEN ,99.6,24,2011-07
560549,2011-07-19 12:43:00,Finland,POSTAGE,80.0,2,2011-07
562274,2011-08-04 10:00:00,Finland,EDWARDIAN PARASOL PINK,17.85,3,2011-08
562274,2011-08-04 10:00:00,Finland,EDWARDIAN PARASOL NATURAL,17.85,3,2011-08
562274,2011-08-04 10:00:00,Finland,RED TOADSTOOL LED NIGHT LIGHT,19.799999999999997,12,2011-08
562274,2011-08-04 10:00:00,Finland,EDWARDIAN PARASOL RED,17.85,3,2011-08
562274,2011-08-04 10:00:00,Finland,SET OF 6 FUNKY BEAKERS,17.700000000000003,6,2011-08
562274,2011-08-04 10:00:00,Finland,JUMBO BAG RED RETROSPOT,20.8,10,2011-08
562274,2011-08-04 10:00:00,Finland,PLASTERS IN TIN STRONGMAN,19.799999999999997,12,2011-08
562274,2011-08-04 10:00:00,Finland,PLASTERS IN TIN VINTAGE PAISLEY ,19.799999999999997,12,2011-08
562274,2011-08-04 10:00:00,Finland,PLASTERS IN TIN CIRCUS PARADE ,19.799999999999997,12,2011-08
562274,2011-08-04 10:00:00,Finland,PLASTERS IN TIN WOODLAND ANIMALS,19.799999999999997,12,2011-08
562274,2011-08-04 10:00:00,Finland,SET OF 10 LED DOLLY LIGHTS,12.5,2,2011-08
562274,2011-08-04 10:00:00,Finland,HEART OF WICKER SMALL,19.799999999999997,12,2011-08
562274,2011-08-04 10:00:00,Finland,ZINC T-LIGHT HOLDER STARS SMALL,9.96,12,2011-08
562274,2011-08-04 10:00:00,Finland,LUNCH BAG APPLE DESIGN,16.5,10,2011-08
562274,2011-08-04 10:00:00,Finland,JUMBO BAG PEARS,20.8,10,2011-08
562274,2011-08-04 10:00:00,Finland,HANGING HEART ZINC T-LIGHT HOLDER,10.2,12,2011-08
562274,2011-08-04 10:00:00,Finland,POSTAGE,80.0,2,2011-08
563020,2011-08-11 12:58:00,Finland,JUMBO BAG SCANDINAVIAN BLUE PAISLEY,41.6,20,2011-08
563020,2011-08-11 12:58:00,Finland,JUMBO BAG PINK POLKADOT,41.6,20,2011-08
563020,2011-08-11 12:58:00,Finland,JUMBO BAG RED RETROSPOT,41.6,20,2011-08
563020,2011-08-11 12:58:00,Finland,JUMBO BAG VINTAGE DOILY ,41.6,20,2011-08
563020,2011-08-11 12:58:00,Finland,SET 8 CANDLES VINTAGE DOILY,23.4,12,2011-08
563020,2011-08-11 12:58:00,Finland,WOODLAND STORAGE BOX LARGE ,17.700000000000003,6,2011-08
563020,2011-08-11 12:58:00,Finland,ENGLISH ROSE NOTEBOOK A7 SIZE,20.16,48,2011-08
563020,2011-08-11 12:58:00,Finland,"SET 3 RETROSPOT TEA,COFFEE,SUGAR",19.8,4,2011-08
563020,2011-08-11 12:58:00,Finland,PANTRY WASHING UP BRUSH,17.4,12,2011-08
563020,2011-08-11 12:58:00,Finland,CAKE PLATE LOVEBIRD PINK,29.700000000000003,6,2011-08
563020,2011-08-11 12:58:00,Finland,CAKE STAND LOVEBIRD 2 TIER PINK,39.8,4,2011-08
563020,2011-08-11 12:58:00,Finland,TEA COSY RED  STRIPE,15.3,6,2011-08
563020,2011-08-11 12:58:00,Finland,SPACEBOY BIRTHDAY CARD,5.04,12,2011-08
563020,2011-08-11 12:58:00,Finland,PINK POLKADOT WRAP ,10.5,25,2011-08
563020,2011-08-11 12:58:00,Finland,TEA PARTY  WRAPPING PAPER ,10.5,25,2011-08
563020,2011-08-11 12:58:00,Finland,BLUE SCANDINAVIAN PAISLEY WRAP,10.5,25,2011-08
563020,2011-08-11 12:58:00,Finland,SPACEBOY GIFT WRAP,10.5,25,2011-08
563020,2011-08-11 12:58:00,Finland,WRAP DOLLY GIRL,10.5,25,2011-08
563020,2011-08-11 12:58:00,Finland,WRAP PINK FAIRY CAKES ,10.5,25,2011-08
563020,2011-08-11 12:58:00,Finland,JUMBO BAG WOODLAND ANIMALS,20.8,10,2011-08
563020,2011-08-11 12:58:00,Finland,JUMBO BAG DOLLY GIRL DESIGN,20.8,10,2011-08
563020,2011-08-11 12:58:00,Finland,JUMBO BAG SPACEBOY DESIGN,20.8,10,2011-08
563020,2011-08-11 12:58:00,Finland,CARD DOLLY GIRL ,5.04,12,2011-08
563020,2011-08-11 12:58:00,Finland,POSTAGE,120.0,3,2011-08
C564108,2011-08-23 10:42:00,Finland,"SET 3 RETROSPOT TEA,COFFEE,SUGAR",-4.95,-1,2011-08
564558,2011-08-26 08:59:00,Finland,EDWARDIAN PARASOL BLACK,17.85,3,2011-08
564558,2011-08-26 08:59:00,Finland,EDWARDIAN PARASOL PINK,17.85,3,2011-08
564558,2011-08-26 08:59:00,Finland,JUMBO BAG RED RETROSPOT,20.8,10,2011-08
564558,2011-08-26 08:59:00,Finland,RED TOADSTOOL LED NIGHT LIGHT,19.799999999999997,12,2011-08
564558,2011-08-26 08:59:00,Finland,HANGING HEART ZINC T-LIGHT HOLDER,20.4,24,2011-08
564558,2011-08-26 08:59:00,Finland,JUMBO BAG VINTAGE DOILY ,20.8,10,2011-08
564558,2011-08-26 08:59:00,Finland,SET/20 RED RETROSPOT PAPER NAPKINS ,10.2,12,2011-08
564558,2011-08-26 08:59:00,Finland,ZINC T-LIGHT HOLDER STAR LARGE,11.4,12,2011-08
564558,2011-08-26 08:59:00,Finland,36 PENCILS TUBE WOODLAND,20.0,16,2011-08
564558,2011-08-26 08:59:00,Finland,36 PENCILS TUBE RED RETROSPOT,20.0,16,2011-08
564558,2011-08-26 08:59:00,Finland,DOORMAT NEIGHBOURHOOD WITCH ,15.9,2,2011-08
564558,2011-08-26 08:59:00,Finland,DOORMAT RED RETROSPOT,15.9,2,2011-08
564558,2011-08-26 08:59:00,Finland,WHITE WOOD GARDEN PLANT LADDER,9.95,1,2011-08
564558,2011-08-26 08:59:00,Finland,RED RETROSPOT MINI CASES,15.9,2,2011-08
564558,2011-08-26 08:59:00,Finland,LARGE WHITE HEART OF WICKER,35.400000000000006,12,2011-08
564558,2011-08-26 08:59:00,Finland,SET/3 RED GINGHAM ROSE STORAGE BOX,15.0,4,2011-08
564558,2011-08-26 08:59:00,Finland,WOODEN OWLS LIGHT GARLAND ,17.0,4,2011-08
564558,2011-08-26 08:59:00,Finland,SET 6 SCHOOL MILK BOTTLES IN CRATE,15.0,4,2011-08
564558,2011-08-26 08:59:00,Finland,SINGLE HEART ZINC T-LIGHT HOLDER,11.4,12,2011-08
564558,2011-08-26 08:59:00,Finland,POSTAGE,80.0,2,2011-08
565333,2011-09-02 14:23:00,Finland,CHILDRENS CUTLERY POLKADOT PINK,33.2,8,2011-09
565333,2011-09-02 14:23:00,Finland,CHILDRENS CUTLERY POLKADOT BLUE,16.6,4,2011-09
565333,2011-09-02 14:23:00,Finland,WOODLAND CHARLOTTE BAG,8.5,10,2011-09
565333,2011-09-02 14:23:00,Finland,CHARLOTTE BAG PINK POLKADOT,8.5,10,2011-09
565333,2011-09-02 14:23:00,Finland,JUMBO BAG PEARS,20.8,10,2011-09
565333,2011-09-02 14:23:00,Finland,JUMBO BAG VINTAGE DOILY ,20.8,10,2011-09
565333,2011-09-02 14:23:00,Finland,JUMBO BAG OWLS,20.8,10,2011-09
565333,2011-09-02 14:23:00,Finland,ASSORTED COLOUR MINI CASES,31.8,4,2011-09
565333,2011-09-02 14:23:00,Finland,CHARLOTTE BAG SUKI DESIGN,8.5,10,2011-09
565333,2011-09-02 14:23:00,Finland,JUMBO BAG PINK VINTAGE PAISLEY,20.8,10,2011-09
565333,2011-09-02 14:23:00,Finland,POSTAGE,40.0,1,2011-09
566598,2011-09-13 15:35:00,Finland,GUMBALL COAT RACK,30.6,12,2011-09
566598,2011-09-13 15:35:00,Finland,CHILDRENS CUTLERY POLKADOT PINK,149.4,36,2011-09
566598,2011-09-13 15:35:00,Finland,CHILDRENS CUTLERY POLKADOT BLUE,99.6,24,2011-09
566598,2011-09-13 15:35:00,Finland,POSTAGE,40.0,1,2011-09
567938,2011-09-22 18:14:00,Finland,6 RIBBONS RUSTIC CHARM,23.4,12,2011-09
567938,2011-09-22 18:14:00,Finland,SET/3 RED GINGHAM ROSE STORAGE BOX,15.0,4,2011-09
567938,2011-09-22 18:14:00,Finland,ENVELOPE 50 BLOSSOM IMAGES,5.04,12,2011-09
567938,2011-09-22 18:14:00,Finland,CURIOUS IMAGES GIFT WRAP SET,7.800000000000001,12,2011-09
567938,2011-09-22 18:14:00,Finland,MODERN FLORAL STATIONERY SET,15.0,12,2011-09
567938,2011-09-22 18:14:00,Finland,SET/4 BADGES BALLOON GIRL,12.5,10,2011-09
567938,2011-09-22 18:14:00,Finland,EDWARDIAN PARASOL PINK,17.85,3,2011-09
567938,2011-09-22 18:14:00,Finland,CHRISTMAS DECOUPAGE CANDLE,10.2,12,2011-09
567938,2011-09-22 18:14:00,Finland,RED KUKUI COCONUT SEED NECKLACE,6.0,6,2011-09
567938,2011-09-22 18:14:00,Finland,SPOTTED WHITE NATURAL SEED NECKLACE,6.0,6,2011-09
567938,2011-09-22 18:14:00,Finland,BROWN KUKUI COCONUT SEED NECKLACE,5.0,5,2011-09
567938,2011-09-22 18:14:00,Finland,SET OF 3 BIRD LIGHT PINK FEATHER ,9.36,24,2011-09
567938,2011-09-22 18:14:00,Finland,POSTAGE,80.0,2,2011-09
567938,2011-09-22 18:14:00,Finland,WICKER STAR ,12.6,6,2011-09
567938,2011-09-22 18:14:00,Finland,HEART OF WICKER SMALL,19.799999999999997,12,2011-09
568172,2011-09-25 13:13:00,Finland,DOUGHNUT LIP GLOSS ,150.0,120,2011-09
568172,2011-09-25 13:13:00,Finland,ICE CREAM PEN LIP GLOSS ,120.0,96,2011-09
568172,2011-09-25 13:13:00,Finland,POSTAGE,40.0,1,2011-09
569522,2011-10-04 14:41:00,Finland,CHILDRENS CUTLERY POLKADOT PINK,270.0,72,2011-10
569522,2011-10-04 14:41:00,Finland,POSTAGE,40.0,1,2011-10
570769,2011-10-12 11:43:00,Finland,CHILDRENS CUTLERY POLKADOT BLUE,199.2,48,2011-10
570769,2011-10-12 11:43:00,Finland,CHILDRENS CUTLERY POLKADOT GREEN ,99.6,24,2011-10
570769,2011-10-12 11:43:00,Finland,POSTAGE,36.0,2,2011-10
C570775,2011-10-12 11:45:00,Finland,POSTAGE,-18.0,-1,2011-10
570875,2011-10-12 17:00:00,Finland,BAKING SET SPACEBOY DESIGN,14.85,3,2011-10
570875,2011-10-12 17:00:00,Finland,RED RETROSPOT SUGAR JAM BOWL,15.3,6,2011-10
570875,2011-10-12 17:00:00,Finland,SET/3 RED GINGHAM ROSE STORAGE BOX,15.0,4,2011-10
570875,2011-10-12 17:00:00,Finland,RED RETROSPOT PLATE ,13.52,8,2011-10
570875,2011-10-12 17:00:00,Finland,12 PENCILS TALL TUBE POSY,6.959999999999999,24,2011-10
570875,2011-10-12 17:00:00,Finland,CINAMMON SET OF 9 T-LIGHTS,10.2,12,2011-10
570875,2011-10-12 17:00:00,Finland,POSTAGE,160.0,4,2011-10
570875,2011-10-12 17:00:00,Finland,RED RETROSPOT MINI CASES,15.9,2,2011-10
570875,2011-10-12 17:00:00,Finland,20 DOLLY PEGS RETROSPOT,17.4,12,2011-10
570875,2011-10-12 17:00:00,Finland,PACK OF 72 RETROSPOT CAKE CASES,13.2,24,2011-10
570875,2011-10-12 17:00:00,Finland,SET OF 60 PANTRY DESIGN CAKE CASES ,13.2,24,2011-10
570875,2011-10-12 17:00:00,Finland,60 CAKE CASES DOLLY GIRL DESIGN,13.2,24,2011-10
570875,2011-10-12 17:00:00,Finland,PANTRY ROLLING PIN,22.5,6,2011-10
570875,2011-10-12 17:00:00,Finland,MINT KITCHEN SCALES,17.0,2,2011-10
570875,2011-10-12 17:00:00,Finland,IVORY KITCHEN SCALES,17.0,2,2011-10
570875,2011-10-12 17:00:00,Finland,EUCALYPTUS & PINECONE  WREATH,35.400000000000006,12,2011-10
570875,2011-10-12 17:00:00,Finland,WOODEN PICTURE FRAME WHITE FINISH,17.700000000000003,6,2011-10
570875,2011-10-12 17:00:00,Finland,NOEL GARLAND PAINTED ZINC ,9.36,24,2011-10
570875,2011-10-12 17:00:00,Finland,WOODEN HEART CHRISTMAS SCANDINAVIAN,6.959999999999999,24,2011-10
570875,2011-10-12 17:00:00,Finland,WOODEN STAR CHRISTMAS SCANDINAVIAN,6.959999999999999,24,2011-10
570875,2011-10-12 17:00:00,Finland,WOODEN TREE CHRISTMAS SCANDINAVIAN,6.959999999999999,24,2011-10
570875,2011-10-12 17:00:00,Finland,JIGSAW TOADSTOOLS 3 PIECE,9.44,16,2011-10
570875,2011-10-12 17:00:00,Finland,WHITE HANGING HEART T-LIGHT HOLDER,17.700000000000003,6,2011-10
570875,2011-10-12 17:00:00,Finland,SMALL WHITE HEART OF WICKER,19.799999999999997,12,2011-10
570875,2011-10-12 17:00:00,Finland,NATURAL HANGING QUILTED HEARTS ,9.96,12,2011-10
570875,2011-10-12 17:00:00,Finland,FRENCH LATTICE CUSHION COVER ,10.2,12,2011-10
570875,2011-10-12 17:00:00,Finland,FRENCH PAISLEY CUSHION COVER ,10.2,12,2011-10
570875,2011-10-12 17:00:00,Finland,HEART DECORATION RUSTIC HANGING ,4.5600000000000005,24,2011-10
570875,2011-10-12 17:00:00,Finland,PANTRY PASTRY BRUSH,15.0,12,2011-10
570875,2011-10-12 17:00:00,Finland,RED RETROSPOT SMALL MILK JUG,15.3,6,2011-10
570875,2011-10-12 17:00:00,Finland,RETROSPOT LARGE MILK JUG,14.85,3,2011-10
570875,2011-10-12 17:00:00,Finland,RETROSPOT TEA SET CERAMIC 11 PC ,14.85,3,2011-10
570875,2011-10-12 17:00:00,Finland,BAKING SET 9 PIECE RETROSPOT ,29.700000000000003,6,2011-10
571053,2011-10-13 13:53:00,Finland,SET OF 3 REGENCY CAKE TINS,19.8,4,2011-10
571053,2011-10-13 13:53:00,Finland,DRAWER KNOB CRACKLE GLAZE GREEN,19.799999999999997,12,2011-10
571053,2011-10-13 13:53:00,Finland,DRAWER KNOB CRACKLE GLAZE BLUE,19.799999999999997,12,2011-10
571053,2011-10-13 13:53:00,Finland,DRAWER KNOB CRACKLE GLAZE PINK,19.799999999999997,12,2011-10
571053,2011-10-13 13:53:00,Finland,DRAWER KNOB CERAMIC IVORY,8.7,6,2011-10
571053,2011-10-13 13:53:00,Finland,DRAWER KNOB CRACKLE GLAZE IVORY,19.799999999999997,12,2011-10
571053,2011-10-13 13:53:00,Finland,STORAGE TIN VINTAGE DOILY ,17.34,6,2011-10
571053,2011-10-13 13:53:00,Finland,SET OF 4 KNICK KNACK TINS DOILY ,24.9,6,2011-10
571053,2011-10-13 13:53:00,Finland,TREASURE TIN BUFFALO BILL ,12.48,6,2011-10
571053,2011-10-13 13:53:00,Finland,TREASURE TIN GYMKHANA DESIGN,12.48,6,2011-10
571053,2011-10-13 13:53:00,Finland,PINK VINTAGE SPOT BEAKER,6.8,8,2011-10
571053,2011-10-13 13:53:00,Finland,BLUE VINTAGE SPOT BEAKER,6.8,8,2011-10
571053,2011-10-13 13:53:00,Finland,RED VINTAGE SPOT BEAKER,6.8,8,2011-10
571053,2011-10-13 13:53:00,Finland,GREEN VINTAGE SPOT BEAKER,6.8,8,2011-10
571053,2011-10-13 13:53:00,Finland,SET OF 36 DOILIES PANTRY DESIGN,17.4,12,2011-10
571053,2011-10-13 13:53:00,Finland,SET OF 60 PANTRY DESIGN CAKE CASES ,13.2,24,2011-10
571053,2011-10-13 13:53:00,Finland,PINK DINER WALL CLOCK,17.0,2,2011-10
571053,2011-10-13 13:53:00,Finland,MINT DINER WALL CLOCK,17.0,2,2011-10
571053,2011-10-13 13:53:00,Finland,PACK OF 72 RETROSPOT CAKE CASES,13.2,24,2011-10
571053,2011-10-13 13:53:00,Finland,MINT KITCHEN SCALES,17.0,2,2011-10
571053,2011-10-13 13:53:00,Finland,IVORY KITCHEN SCALES,17.0,2,2011-10
571053,2011-10-13 13:53:00,Finland,DOORMAT RED RETROSPOT,16.5,2,2011-10
571053,2011-10-13 13:53:00,Finland,RED TOADSTOOL LED NIGHT LIGHT,19.799999999999997,12,2011-10
571053,2011-10-13 13:53:00,Finland,CHILDRENS APRON SPACEBOY DESIGN,15.6,8,2011-10
571053,2011-10-13 13:53:00,Finland,CHILDREN'S APRON DOLLY GIRL ,12.6,6,2011-10
571053,2011-10-13 13:53:00,Finland,RED RETROSPOT UMBRELLA,35.7,6,2011-10
571053,2011-10-13 13:53:00,Finland,CHILDRENS CUTLERY SPACEBOY ,16.6,4,2011-10
571053,2011-10-13 13:53:00,Finland,CHILDRENS CUTLERY DOLLY GIRL ,16.6,4,2011-10
571053,2011-10-13 13:53:00,Finland,CHILDRENS CUTLERY CIRCUS PARADE,16.6,4,2011-10
571053,2011-10-13 13:53:00,Finland,CHILDRENS CUTLERY POLKADOT PINK,16.6,4,2011-10
571053,2011-10-13 13:53:00,Finland,POSTAGE,160.0,4,2011-10
572964,2011-10-27 10:41:00,Finland,HOME SWEET HOME METAL SIGN ,17.700000000000003,6,2011-10
572964,2011-10-27 10:41:00,Finland,STAR WREATH DECORATION WITH BELL,15.0,12,2011-10
572964,2011-10-27 10:41:00,Finland,ROTATING SILVER ANGELS T-LIGHT HLDR,15.3,6,2011-10
572964,2011-10-27 10:41:00,Finland,CINAMMON SET OF 9 T-LIGHTS,10.2,12,2011-10
572964,2011-10-27 10:41:00,Finland,HOMEMADE JAM SCENTED CANDLES,17.4,12,2011-10
572964,2011-10-27 10:41:00,Finland,PINK OWL SOFT TOY,17.700000000000003,6,2011-10
572964,2011-10-27 10:41:00,Finland,BLUE OWL SOFT TOY,17.700000000000003,6,2011-10
572964,2011-10-27 10:41:00,Finland,APPLE BATH SPONGE,12.5,10,2011-10
572964,2011-10-27 10:41:00,Finland,METAL 4 HOOK HANGER FRENCH CHATEAU,26.32,8,2011-10
572964,2011-10-27 10:41:00,Finland,VINTAGE CREAM 3 BASKET CAKE STAND,19.9,2,2011-10
572964,2011-10-27 10:41:00,Finland,CERAMIC CAKE BOWL + HANGING CAKES,17.700000000000003,6,2011-10
572964,2011-10-27 10:41:00,Finland,CERAMIC CAKE DESIGN SPOTTED PLATE,17.88,12,2011-10
572964,2011-10-27 10:41:00,Finland,CERAMIC CAKE DESIGN SPOTTED MUG,17.88,12,2011-10
572964,2011-10-27 10:41:00,Finland,SET OF 36 PAISLEY FLOWER DOILIES,17.4,12,2011-10
572964,2011-10-27 10:41:00,Finland,CAKE STAND LOVEBIRD 2 TIER PINK,19.9,2,2011-10
572964,2011-10-27 10:41:00,Finland,HOME SWEET HOME BLACKBOARD,29.700000000000003,6,2011-10
572964,2011-10-27 10:41:00,Finland,BULL DOG BOTTLE TOP WALL CLOCK,16.5,2,2011-10
572964,2011-10-27 10:41:00,Finland,MUM'S KITCHEN CLOCK,19.8,4,2011-10
572964,2011-10-27 10:41:00,Finland,HOME SWEET HOME CUSHION COVER ,15.0,4,2011-10
572964,2011-10-27 10:41:00,Finland,BELLE JARDINIERE CUSHION COVER,15.0,4,2011-10
572964,2011-10-27 10:41:00,Finland,SET OF 2 CHRISTMAS DECOUPAGE CANDLE,18.96,24,2011-10
572964,2011-10-27 10:41:00,Finland,BULL DOG BOTTLE OPENER,19.8,4,2011-10
572964,2011-10-27 10:41:00,Finland,SET OF 20 VINTAGE CHRISTMAS NAPKINS,10.2,12,2011-10
572964,2011-10-27 10:41:00,Finland,RED HANGING HEART T-LIGHT HOLDER,17.700000000000003,6,2011-10
572964,2011-10-27 10:41:00,Finland,VINYL RECORD FRAME SILVER,15.0,4,2011-10
572964,2011-10-27 10:41:00,Finland,HANGING METAL HEART LANTERN,19.799999999999997,12,2011-10
572964,2011-10-27 10:41:00,Finland,HEART T-LIGHT HOLDER WILLIE WINKIE,19.799999999999997,12,2011-10
572964,2011-10-27 10:41:00,Finland,PINK DOUGHNUT TRINKET POT ,19.799999999999997,12,2011-10
572964,2011-10-27 10:41:00,Finland,GUMBALL COAT RACK,15.3,6,2011-10
572964,2011-10-27 10:41:00,Finland,SET 12 COLOUR PENCILS DOLLY GIRL ,10.4,16,2011-10
572964,2011-10-27 10:41:00,Finland,SET 12 COLOUR PENCILS SPACEBOY ,10.4,16,2011-10
572964,2011-10-27 10:41:00,Finland,GLASS JAR DAISY FRESH COTTON WOOL,17.700000000000003,6,2011-10
572964,2011-10-27 10:41:00,Finland,"SWISS ROLL TOWEL, CHOCOLATE  SPOTS",17.700000000000003,6,2011-10
572964,2011-10-27 10:41:00,Finland,REGENCY CAKESTAND 3 TIER,12.75,1,2011-10
572964,2011-10-27 10:41:00,Finland,POSTAGE,120.0,3,2011-10
573588,2011-10-31 15:01:00,Finland,RED RETROSPOT CAKE STAND,32.849999999999994,3,2011-10
573588,2011-10-31 15:01:00,Finland,BAKING SET 9 PIECE RETROSPOT ,14.85,3,2011-10
573588,2011-10-31 15:01:00,Finland,CAKE STAND VICTORIAN FILIGREE SMALL,19.8,4,2011-10
573588,2011-10-31 15:01:00,Finland,LARGE HEART MEASURING SPOONS,19.799999999999997,12,2011-10
573588,2011-10-31 15:01:00,Finland,SMALL HEART MEASURING SPOONS,10.2,12,2011-10
573588,2011-10-31 15:01:00,Finland,CAKE STAND LOVEBIRD 2 TIER PINK,19.9,2,2011-10
573588,2011-10-31 15:01:00,Finland,REGENCY CAKESTAND 3 TIER,25.5,2,2011-10
573588,2011-10-31 15:01:00,Finland,CHRISTMAS LIGHTS 10 REINDEER,17.0,2,2011-10
573588,2011-10-31 15:01:00,Finland,PANTRY PASTRY BRUSH,15.0,12,2011-10
573588,2011-10-31 15:01:00,Finland,POSTAGE,40.0,1,2011-10
574332,2011-11-04 09:24:00,Finland,CHILDRENS CUTLERY POLKADOT BLUE,270.0,72,2011-11
574332,2011-11-04 09:24:00,Finland,CHILDRENS CUTLERY POLKADOT GREEN ,166.0,40,2011-11
574332,2011-11-04 09:24:00,Finland,CHILDRENS CUTLERY POLKADOT PINK,270.0,72,2011-11
574332,2011-11-04 09:24:00,Finland,POSTAGE,54.0,3,2011-11
574442,2011-11-04 11:40:00,Finland,RABBIT NIGHT LIGHT,128.88,72,2011-11
574442,2011-11-04 11:40:00,Finland,MINI LIGHTS WOODLAND MUSHROOMS,45.0,12,2011-11
574442,2011-11-04 11:40:00,Finland,DOLLY CABINET 3 DRAWERS ,29.9,2,2011-11
574442,2011-11-04 11:40:00,Finland, NINE DRAWER OFFICE TIDY,29.9,2,2011-11
574442,2011-11-04 11:40:00,Finland,IVORY KITCHEN SCALES,34.0,4,2011-11
574442,2011-11-04 11:40:00,Finland,CHILDRENS CUTLERY CIRCUS PARADE,16.6,4,2011-11
574442,2011-11-04 11:40:00,Finland,CHILDRENS CUTLERY DOLLY GIRL ,16.6,4,2011-11
574442,2011-11-04 11:40:00,Finland,RED TOADSTOOL LED NIGHT LIGHT,39.599999999999994,24,2011-11
574442,2011-11-04 11:40:00,Finland,POSTAGE,200.0,5,2011-11
574442,2011-11-04 11:40:00,Finland,JUMBO BAG PAISLEY PARK,20.8,10,2011-11
C574447,2011-11-04 11:44:00,Finland,POSTAGE,-80.0,-2,2011-11
576082,2011-11-14 08:22:00,Finland,PACK OF 12 VINTAGE DOILY TISSUES,9.36,24,2011-11
576082,2011-11-14 08:22:00,Finland,JUMBO BAG WOODLAND ANIMALS,20.8,10,2011-11
576082,2011-11-14 08:22:00,Finland,JUMBO BAG SPACEBOY DESIGN,20.8,10,2011-11
576082,2011-11-14 08:22:00,Finland,JUMBO BAG VINTAGE DOILY ,41.6,20,2011-11
576082,2011-11-14 08:22:00,Finland,EMBROIDERED RIBBON REEL DAISY ,12.48,6,2011-11
576082,2011-11-14 08:22:00,Finland,EMBROIDERED RIBBON REEL CLAIRE,22.5,6,2011-11
576082,2011-11-14 08:22:00,Finland,JUMBO BAG PAISLEY PARK,41.6,20,2011-11
576082,2011-11-14 08:22:00,Finland,VINTAGE DOILY JUMBO BAG RED ,41.6,20,2011-11
576082,2011-11-14 08:22:00,Finland,ROSE CARAVAN DOORSTOP,27.0,4,2011-11
576082,2011-11-14 08:22:00,Finland,JUMBO BAG RED RETROSPOT,20.8,10,2011-11
576082,2011-11-14 08:22:00,Finland,JUMBO BAG PINK POLKADOT,20.8,10,2011-11
576082,2011-11-14 08:22:00,Finland,MINI LIGHTS WOODLAND MUSHROOMS,15.0,4,2011-11
576082,2011-11-14 08:22:00,Finland,BLUE DINER WALL CLOCK,17.0,2,2011-11
576082,2011-11-14 08:22:00,Finland,PINK DINER WALL CLOCK,17.0,2,2011-11
576082,2011-11-14 08:22:00,Finland,POSTAGE,80.0,2,2011-11
577067,2011-11-17 14:49:00,Finland,CHRISTMAS MUSICAL ZINC TREE,20.88,72,2011-11
577067,2011-11-17 14:49:00,Finland,MUSICAL ZINC HEART DECORATION ,20.88,72,2011-11
577067,2011-11-17 14:49:00,Finland,RABBIT NIGHT LIGHT,42.96,24,2011-11
577067,2011-11-17 14:49:00,Finland,POSTAGE,80.0,2,2011-11
577069,2011-11-17 14:51:00,Finland,RED KUKUI COCONUT SEED NECKLACE,6.0,6,2011-11
577069,2011-11-17 14:51:00,Finland,TRIPLE HOOK ANTIQUE IVORY ROSE,13.16,4,2011-11
577069,2011-11-17 14:51:00,Finland,CREAM SWEETHEART MINI CHEST,25.5,2,2011-11
577069,2011-11-17 14:51:00,Finland,CHEST 7 DRAWER MA CAMPAGNE,24.95,1,2011-11
C577070,2011-11-17 14:54:00,Finland,POSTAGE,-40.0,-1,2011-11
578300,2011-11-23 15:02:00,Finland,CHILDRENS CUTLERY POLKADOT PINK,270.0,72,2011-11
578300,2011-11-23 15:02:00,Finland,POSTAGE,40.0,1,2011-11
579281,2011-11-29 10:36:00,Finland,JUMBO BAG WOODLAND ANIMALS,41.6,20,2011-11
579281,2011-11-29 10:36:00,Finland,JUMBO BAG PEARS,62.400000000000006,30,2011-11
579281,2011-11-29 10:36:00,Finland,JUMBO  BAG BAROQUE BLACK WHITE,41.6,20,2011-11
579281,2011-11-29 10:36:00,Finland,JUMBO BAG VINTAGE DOILY ,20.8,10,2011-11
579281,2011-11-29 10:36:00,Finland,JUMBO STORAGE BAG SKULLS,20.8,10,2011-11
579281,2011-11-29 10:36:00,Finland,POSTAGE,40.0,1,2011-11
579550,2011-11-30 10:48:00,Finland,RED HANGING HEART T-LIGHT HOLDER,35.400000000000006,12,2011-11
579550,2011-11-30 10:48:00,Finland,BISCUIT TIN VINTAGE CHRISTMAS,17.34,6,2011-11
579550,2011-11-30 10:48:00,Finland,WHITE HANGING HEART T-LIGHT HOLDER,35.400000000000006,12,2011-11
579550,2011-11-30 10:48:00,Finland,VINTAGE CHRISTMAS PAPER GIFT BAG,8.2,10,2011-11
579550,2011-11-30 10:48:00,Finland,VINTAGE CHRISTMAS GIFT BAG LARGE ,15.0,12,2011-11
579550,2011-11-30 10:48:00,Finland,PINK HANGING HEART T-LIGHT HOLDER,17.700000000000003,6,2011-11
579550,2011-11-30 10:48:00,Finland,RED RETROSPOT OVEN GLOVE ,12.5,10,2011-11
579550,2011-11-30 10:48:00,Finland,TEA BAG PLATE RED RETROSPOT,10.2,12,2011-11
579550,2011-11-30 10:48:00,Finland,CHILDRENS APRON SPACEBOY DESIGN,15.6,8,2011-11
579550,2011-11-30 10:48:00,Finland,TRADITIONAL NAUGHTS & CROSSES,19.799999999999997,12,2011-11
579550,2011-11-30 10:48:00,Finland,MINI JIGSAW SPACEBOY,10.08,24,2011-11
579550,2011-11-30 10:48:00,Finland,BOX OF VINTAGE JIGSAW BLOCKS ,17.85,3,2011-11
579550,2011-11-30 10:48:00,Finland,CAKE STAND LOVEBIRD 2 TIER WHITE,19.9,2,2011-11
579550,2011-11-30 10:48:00,Finland,CAKE STAND LOVEBIRD 2 TIER PINK,19.9,2,2011-11
579550,2011-11-30 10:48:00,Finland,RED GINGHAM ROSE JEWELLERY BOX,15.6,8,2011-11
579550,2011-11-30 10:48:00,Finland,WOODEN HEART CHRISTMAS SCANDINAVIAN,6.959999999999999,24,2011-11
579550,2011-11-30 10:48:00,Finland,CINAMMON SET OF 9 T-LIGHTS,10.2,12,2011-11
579550,2011-11-30 10:48:00,Finland,PETIT TRAY CHIC,19.799999999999997,12,2011-11
579550,2011-11-30 10:48:00,Finland,MINI JIGSAW DOLLY GIRL,10.08,24,2011-11
579550,2011-11-30 10:48:00,Finland,ROCKING HORSE RED CHRISTMAS ,10.2,12,2011-11
579550,2011-11-30 10:48:00,Finland,SET OF 3 WOODEN SLEIGH DECORATIONS,15.0,12,2011-11
579550,2011-11-30 10:48:00,Finland,GLASS STAR FROSTED T-LIGHT HOLDER,14.85,3,2011-11
579550,2011-11-30 10:48:00,Finland,TREASURE TIN BUFFALO BILL ,12.48,6,2011-11
579550,2011-11-30 10:48:00,Finland,"SET 3 RETROSPOT TEA,COFFEE,SUGAR",19.8,4,2011-11
579550,2011-11-30 10:48:00,Finland,CAKE PLATE LOVEBIRD WHITE,14.85,3,2011-11
579550,2011-11-30 10:48:00,Finland,CAKE PLATE LOVEBIRD PINK,14.85,3,2011-11
579550,2011-11-30 10:48:00,Finland,CHILDREN'S APRON DOLLY GIRL ,12.6,6,2011-11
579550,2011-11-30 10:48:00,Finland,CHEST OF DRAWERS GINGHAM HEART ,16.95,1,2011-11
579550,2011-11-30 10:48:00,Finland,POSTAGE,120.0,3,2011-11
580123,2011-12-01 17:07:00,Finland,CHILDRENS CUTLERY POLKADOT BLUE,270.0,72,2011-12
580123,2011-12-01 17:07:00,Finland,CHILDRENS CUTLERY POLKADOT PINK,270.0,72,2011-12
580123,2011-12-01 17:07:00,Finland,CHILDRENS CUTLERY POLKADOT GREEN ,270.0,72,2011-12
580123,2011-12-01 17:07:00,Finland,POSTAGE,80.0,2,2011-12
580265,2011-12-02 12:47:00,Finland,JUMBO BAG OWLS,20.8,10,2011-12
580265,2011-12-02 12:47:00,Finland,JUMBO BAG PEARS,41.6,20,2011-12
580265,2011-12-02 12:47:00,Finland,JUMBO BAG PINK POLKADOT,41.6,20,2011-12
580265,2011-12-02 12:47:00,Finland,POSTAGE,40.0,1,2011-12
580281,2011-12-02 13:15:00,Finland,RABBIT NIGHT LIGHT,85.92,48,2011-12
580281,2011-12-02 13:15:00,Finland,SET OF 6 RIBBONS COUNTRY STYLE,17.34,6,2011-12
580281,2011-12-02 13:15:00,Finland,RED TOADSTOOL LED NIGHT LIGHT,39.599999999999994,24,2011-12
580281,2011-12-02 13:15:00,Finland,RED RETROSPOT MINI CASES,15.9,2,2011-12
580281,2011-12-02 13:15:00,Finland,POSTAGE,40.0,1,2011-12
C581071,2011-12-07 11:27:00,Finland,JUMBO  BAG BAROQUE BLACK WHITE,-2.08,-1,2011-12
